league,market,league_total,market_total
MLB,Atlanta,5,6
NFL,Atlanta,1,6
MLB,Baltimore,5,12
NBA,Baltimore,1,12
NFL,Baltimore,6,12
MLB,Bay Area,17,27
NBA,Bay Area,2,27
NFL,Bay Area,7,27
NHL,Bay Area,1,27
MLB,Boston,8,26
NBA,Boston,10,26
NFL,Boston,3,26
NHL,Boston,5,26
NBA,Buffalo,1,5
NFL,Buffalo,2,5
NHL,Buffalo,2,5
NFL,Carolina,1,1
MLB,Chicago,11,23
NBA,Chicago,6,23
NFL,Chicago,1,23
NHL,Chicago,5,23
MLB,Cincinnati,9,12
NBA,Cincinnati,1,12
NFL,Cincinnati,2,12
NBA,Cleveland,2,6
NFL,Cleveland,4,6
MLB,Dallas,6,8
NBA,Dallas,1,8
NFL,Dallas,1,8
MLB,Denver,1,6
NFL,Denver,3,6
NHL,Denver,2,6
MLB,Detroit,5,11
NFL,Detroit,1,11
NHL,Detroit,5,11
NHL,Edmunton,11,11
MLB,Houston,2,7
NBA,Houston,4,7
NFL,Houston,1,7
NFL,Indianapolis,4,4
MLB,Kansas City,1,2
NFL,Kansas City,1,2
MLB,LA/Anaheim,11,23
NBA,LA/Anaheim,8,23
NFL,LA/Anaheim,2,23
NHL,LA/Anaheim,2,23
MLB,Miami,1,4
NBA,Miami,2,4
NFL,Miami,1,4
MLB,Milwaukee/GB,6,20
NBA,Milwaukee/GB,5,20
NFL,Milwaukee/GB,9,20
MLB,Minnesota,5,9
NBA,Minnesota,1,9
NFL,Minnesota,3,9
NHL,Montreal,7,7
MLB,NY/New Jersey,9,16
NBA,NY/New Jersey,1,16
NFL,NY/New Jersey,2,16
NHL,NY/New Jersey,4,16
NBA,Oklahoma City,2,2
MLB,Philadelphia,5,17
NBA,Philadelphia,7,17
NFL,Philadelphia,1,17
NHL,Philadelphia,4,17
NBA,Phoenix,3,3
MLB,Pittsburgh,7,15
NFL,Pittsburgh,1,15
NHL,Pittsburgh,7,15
NBA,Portland,1,1
NBA,San Antonio,3,3
MLB,San Diego,1,2
NFL,San Diego,1,2
MLB,Seattle,2,3
NFL,Seattle,1,3
MLB,St. Louis,9,15
NBA,St. Louis,1,15
NFL,St. Louis,3,15
NHL,St. Louis,2,15
NHL,Tampa Bay,2,2
NFL,Tennessee,1,1
MLB,Toronto,2,2
NBA,Utah,2,2
NHL,Vancouver,1,1
MLB,"Washington, DC",1,7
NFL,"Washington, DC",3,7
NHL,"Washington, DC",3,7